full_code|main_code|main_text|sub_source|sub_code|sub_text
A00-B99_A00-A09|A00-B99|Certain infectious and parasitic diseases|https://www.icd10data.com/ICD10CM/Codes/A00-B99/A00-A09|A00-A09|Intestinal infectious diseases
A00-B99_A15-A19|A00-B99|Certain infectious and parasitic diseases|https://www.icd10data.com/ICD10CM/Codes/A00-B99/A15-A19|A15-A19|Tuberculosis
A00-B99_A20-A28|A00-B99|Certain infectious and parasitic diseases|https://www.icd10data.com/ICD10CM/Codes/A00-B99/A20-A28|A20-A28|Certain zoonotic bacterial diseases
A00-B99_A30-A49|A00-B99|Certain infectious and parasitic diseases|https://www.icd10data.com/ICD10CM/Codes/A00-B99/A30-A49|A30-A49|Other bacterial diseases
A00-B99_A50-A64|A00-B99|Certain infectious and parasitic diseases|https://www.icd10data.com/ICD10CM/Codes/A00-B99/A50-A64|A50-A64|Infections with a predominantly sexual m...
A00-B99_A65-A69|A00-B99|Certain infectious and parasitic diseases|https://www.icd10data.com/ICD10CM/Codes/A00-B99/A65-A69|A65-A69|Other spirochetal diseases
A00-B99_A70-A74|A00-B99|Certain infectious and parasitic diseases|https://www.icd10data.com/ICD10CM/Codes/A00-B99/A70-A74|A70-A74|Other diseases caused by chlamydiae
A00-B99_A75-A79|A00-B99|Certain infectious and parasitic diseases|https://www.icd10data.com/ICD10CM/Codes/A00-B99/A75-A79|A75-A79|Rickettsioses
A00-B99_A80-A89|A00-B99|Certain infectious and parasitic diseases|https://www.icd10data.com/ICD10CM/Codes/A00-B99/A80-A89|A80-A89|Viral and prion infections of the centra...
A00-B99_A90-A99|A00-B99|Certain infectious and parasitic diseases|https://www.icd10data.com/ICD10CM/Codes/A00-B99/A90-A99|A90-A99|Arthropod-borne viral fevers and viral h...
A00-B99_B00-B09|A00-B99|Certain infectious and parasitic diseases|https://www.icd10data.com/ICD10CM/Codes/A00-B99/B00-B09|B00-B09|Viral infections characterized by skin a...
A00-B99_B10-B10|A00-B99|Certain infectious and parasitic diseases|https://www.icd10data.com/ICD10CM/Codes/A00-B99/B10-B10|B10-B10|Other human herpesviruses
A00-B99_B15-B19|A00-B99|Certain infectious and parasitic diseases|https://www.icd10data.com/ICD10CM/Codes/A00-B99/B15-B19|B15-B19|Viral hepatitis
A00-B99_B20-B20|A00-B99|Certain infectious and parasitic diseases|https://www.icd10data.com/ICD10CM/Codes/A00-B99/B20-B20|B20-B20|Human immunodeficiency virus [HIV] disea...
A00-B99_B25-B34|A00-B99|Certain infectious and parasitic diseases|https://www.icd10data.com/ICD10CM/Codes/A00-B99/B25-B34|B25-B34|Other viral diseases
A00-B99_B35-B49|A00-B99|Certain infectious and parasitic diseases|https://www.icd10data.com/ICD10CM/Codes/A00-B99/B35-B49|B35-B49|Mycoses
A00-B99_B50-B64|A00-B99|Certain infectious and parasitic diseases|https://www.icd10data.com/ICD10CM/Codes/A00-B99/B50-B64|B50-B64|Protozoal diseases
A00-B99_B65-B83|A00-B99|Certain infectious and parasitic diseases|https://www.icd10data.com/ICD10CM/Codes/A00-B99/B65-B83|B65-B83|Helminthiases
A00-B99_B85-B89|A00-B99|Certain infectious and parasitic diseases|https://www.icd10data.com/ICD10CM/Codes/A00-B99/B85-B89|B85-B89|Pediculosis, acariasis and other infesta...
A00-B99_B90-B94|A00-B99|Certain infectious and parasitic diseases|https://www.icd10data.com/ICD10CM/Codes/A00-B99/B90-B94|B90-B94|Sequelae of infectious and parasitic dis...
A00-B99_B95-B97|A00-B99|Certain infectious and parasitic diseases|https://www.icd10data.com/ICD10CM/Codes/A00-B99/B95-B97|B95-B97|Bacterial and viral infectious agents
A00-B99_B99-B99|A00-B99|Certain infectious and parasitic diseases|https://www.icd10data.com/ICD10CM/Codes/A00-B99/B99-B99|B99-B99|Other infectious diseases
C00-D49_C00-C14|C00-D49|Neoplasms|https://www.icd10data.com/ICD10CM/Codes/C00-D49/C00-C14|C00-C14|Malignant neoplasms of lip, oral cavity ...
C00-D49_C15-C26|C00-D49|Neoplasms|https://www.icd10data.com/ICD10CM/Codes/C00-D49/C15-C26|C15-C26|Malignant neoplasms of digestive organs
C00-D49_C30-C39|C00-D49|Neoplasms|https://www.icd10data.com/ICD10CM/Codes/C00-D49/C30-C39|C30-C39|Malignant neoplasms of respiratory and i...
C00-D49_C40-C41|C00-D49|Neoplasms|https://www.icd10data.com/ICD10CM/Codes/C00-D49/C40-C41|C40-C41|Malignant neoplasms of bone and articula...
C00-D49_C43-C44|C00-D49|Neoplasms|https://www.icd10data.com/ICD10CM/Codes/C00-D49/C43-C44|C43-C44|Melanoma and other malignant neoplasms o...
C00-D49_C45-C49|C00-D49|Neoplasms|https://www.icd10data.com/ICD10CM/Codes/C00-D49/C45-C49|C45-C49|Malignant neoplasms of mesothelial and s...
C00-D49_C50-C50|C00-D49|Neoplasms|https://www.icd10data.com/ICD10CM/Codes/C00-D49/C50-C50|C50-C50|Malignant neoplasms of breast
C00-D49_C51-C58|C00-D49|Neoplasms|https://www.icd10data.com/ICD10CM/Codes/C00-D49/C51-C58|C51-C58|Malignant neoplasms of female genital or...
C00-D49_C60-C63|C00-D49|Neoplasms|https://www.icd10data.com/ICD10CM/Codes/C00-D49/C60-C63|C60-C63|Malignant neoplasms of male genital orga...
C00-D49_C64-C68|C00-D49|Neoplasms|https://www.icd10data.com/ICD10CM/Codes/C00-D49/C64-C68|C64-C68|Malignant neoplasms of urinary tract
C00-D49_C69-C72|C00-D49|Neoplasms|https://www.icd10data.com/ICD10CM/Codes/C00-D49/C69-C72|C69-C72|Malignant neoplasms of eye, brain and ot...
C00-D49_C73-C75|C00-D49|Neoplasms|https://www.icd10data.com/ICD10CM/Codes/C00-D49/C73-C75|C73-C75|Malignant neoplasms of thyroid and other...
C00-D49_C76-C80|C00-D49|Neoplasms|https://www.icd10data.com/ICD10CM/Codes/C00-D49/C76-C80|C76-C80|Malignant neoplasms of ill-defined, othe...
C00-D49_C7A-C7A|C00-D49|Neoplasms|https://www.icd10data.com/ICD10CM/Codes/C00-D49/C7A-C7A|C7A-C7A|Malignant neuroendocrine tumors
C00-D49_C7B-C7B|C00-D49|Neoplasms|https://www.icd10data.com/ICD10CM/Codes/C00-D49/C7B-C7B|C7B-C7B|Secondary neuroendocrine tumors
C00-D49_C81-C96|C00-D49|Neoplasms|https://www.icd10data.com/ICD10CM/Codes/C00-D49/C81-C96|C81-C96|Malignant neoplasms of lymphoid, hematop...
C00-D49_D00-D09|C00-D49|Neoplasms|https://www.icd10data.com/ICD10CM/Codes/C00-D49/D00-D09|D00-D09|In situ neoplasms
C00-D49_D10-D36|C00-D49|Neoplasms|https://www.icd10data.com/ICD10CM/Codes/C00-D49/D10-D36|D10-D36|Benign neoplasms, except benign neuroend...
C00-D49_D37-D48|C00-D49|Neoplasms|https://www.icd10data.com/ICD10CM/Codes/C00-D49/D37-D48|D37-D48|Neoplasms of uncertain behavior, polycyt...
C00-D49_D3A-D3A|C00-D49|Neoplasms|https://www.icd10data.com/ICD10CM/Codes/C00-D49/D3A-D3A|D3A-D3A|Benign neuroendocrine tumors
C00-D49_D49-D49|C00-D49|Neoplasms|https://www.icd10data.com/ICD10CM/Codes/C00-D49/D49-D49|D49-D49|Neoplasms of unspecified behavior
D50-D89_D50-D53|D50-D89|Diseases of the blood and blood-forming organs and certain disorders involving the immune mechanism|https://www.icd10data.com/ICD10CM/Codes/D50-D89/D50-D53|D50-D53|Nutritional anemias
D50-D89_D55-D59|D50-D89|Diseases of the blood and blood-forming organs and certain disorders involving the immune mechanism|https://www.icd10data.com/ICD10CM/Codes/D50-D89/D55-D59|D55-D59|Hemolytic anemias
D50-D89_D60-D64|D50-D89|Diseases of the blood and blood-forming organs and certain disorders involving the immune mechanism|https://www.icd10data.com/ICD10CM/Codes/D50-D89/D60-D64|D60-D64|Aplastic and other anemias and other bon...
D50-D89_D65-D69|D50-D89|Diseases of the blood and blood-forming organs and certain disorders involving the immune mechanism|https://www.icd10data.com/ICD10CM/Codes/D50-D89/D65-D69|D65-D69|Coagulation defects, purpura and other h...
D50-D89_D70-D77|D50-D89|Diseases of the blood and blood-forming organs and certain disorders involving the immune mechanism|https://www.icd10data.com/ICD10CM/Codes/D50-D89/D70-D77|D70-D77|Other disorders of blood and blood-formi...
D50-D89_D78-D78|D50-D89|Diseases of the blood and blood-forming organs and certain disorders involving the immune mechanism|https://www.icd10data.com/ICD10CM/Codes/D50-D89/D78-D78|D78-D78|Intraoperative and postprocedural compli...
D50-D89_D80-D89|D50-D89|Diseases of the blood and blood-forming organs and certain disorders involving the immune mechanism|https://www.icd10data.com/ICD10CM/Codes/D50-D89/D80-D89|D80-D89|Certain disorders involving the immune m...
E00-E89_E00-E07|E00-E89|Endocrine, nutritional and metabolic diseases|https://www.icd10data.com/ICD10CM/Codes/E00-E89/E00-E07|E00-E07|Disorders of thyroid gland
E00-E89_E08-E13|E00-E89|Endocrine, nutritional and metabolic diseases|https://www.icd10data.com/ICD10CM/Codes/E00-E89/E08-E13|E08-E13|Diabetes mellitus
E00-E89_E15-E16|E00-E89|Endocrine, nutritional and metabolic diseases|https://www.icd10data.com/ICD10CM/Codes/E00-E89/E15-E16|E15-E16|Other disorders of glucose regulation an...
E00-E89_E20-E35|E00-E89|Endocrine, nutritional and metabolic diseases|https://www.icd10data.com/ICD10CM/Codes/E00-E89/E20-E35|E20-E35|Disorders of other endocrine glands
E00-E89_E36-E36|E00-E89|Endocrine, nutritional and metabolic diseases|https://www.icd10data.com/ICD10CM/Codes/E00-E89/E36-E36|E36-E36|Intraoperative complications of endocrin...
E00-E89_E40-E46|E00-E89|Endocrine, nutritional and metabolic diseases|https://www.icd10data.com/ICD10CM/Codes/E00-E89/E40-E46|E40-E46|Malnutrition
E00-E89_E50-E64|E00-E89|Endocrine, nutritional and metabolic diseases|https://www.icd10data.com/ICD10CM/Codes/E00-E89/E50-E64|E50-E64|Other nutritional deficiencies
E00-E89_E65-E68|E00-E89|Endocrine, nutritional and metabolic diseases|https://www.icd10data.com/ICD10CM/Codes/E00-E89/E65-E68|E65-E68|Overweight, obesity and other hyperalime...
E00-E89_E70-E88|E00-E89|Endocrine, nutritional and metabolic diseases|https://www.icd10data.com/ICD10CM/Codes/E00-E89/E70-E88|E70-E88|Metabolic disorders
E00-E89_E89-E89|E00-E89|Endocrine, nutritional and metabolic diseases|https://www.icd10data.com/ICD10CM/Codes/E00-E89/E89-E89|E89-E89|Postprocedural endocrine and metabolic c...
F01-F99_F01-F09|F01-F99|Mental, Behavioral and Neurodevelopmental disorders|https://www.icd10data.com/ICD10CM/Codes/F01-F99/F01-F09|F01-F09|Mental disorders due to known physiologi...
F01-F99_F10-F19|F01-F99|Mental, Behavioral and Neurodevelopmental disorders|https://www.icd10data.com/ICD10CM/Codes/F01-F99/F10-F19|F10-F19|Mental and behavioral disorders due to p...
F01-F99_F20-F29|F01-F99|Mental, Behavioral and Neurodevelopmental disorders|https://www.icd10data.com/ICD10CM/Codes/F01-F99/F20-F29|F20-F29|Schizophrenia, schizotypal, delusional, ...
F01-F99_F30-F39|F01-F99|Mental, Behavioral and Neurodevelopmental disorders|https://www.icd10data.com/ICD10CM/Codes/F01-F99/F30-F39|F30-F39|Mood [affective] disorders
F01-F99_F40-F48|F01-F99|Mental, Behavioral and Neurodevelopmental disorders|https://www.icd10data.com/ICD10CM/Codes/F01-F99/F40-F48|F40-F48|Anxiety, dissociative, stress-related, s...
F01-F99_F50-F59|F01-F99|Mental, Behavioral and Neurodevelopmental disorders|https://www.icd10data.com/ICD10CM/Codes/F01-F99/F50-F59|F50-F59|Behavioral syndromes associated with phy...
F01-F99_F60-F69|F01-F99|Mental, Behavioral and Neurodevelopmental disorders|https://www.icd10data.com/ICD10CM/Codes/F01-F99/F60-F69|F60-F69|Disorders of adult personality and behav...
F01-F99_F70-F79|F01-F99|Mental, Behavioral and Neurodevelopmental disorders|https://www.icd10data.com/ICD10CM/Codes/F01-F99/F70-F79|F70-F79|Intellectual disabilities
F01-F99_F80-F89|F01-F99|Mental, Behavioral and Neurodevelopmental disorders|https://www.icd10data.com/ICD10CM/Codes/F01-F99/F80-F89|F80-F89|Pervasive and specific developmental dis...
F01-F99_F90-F98|F01-F99|Mental, Behavioral and Neurodevelopmental disorders|https://www.icd10data.com/ICD10CM/Codes/F01-F99/F90-F98|F90-F98|Behavioral and emotional disorders with ...
F01-F99_F99-F99|F01-F99|Mental, Behavioral and Neurodevelopmental disorders|https://www.icd10data.com/ICD10CM/Codes/F01-F99/F99-F99|F99-F99|Unspecified mental disorder
G00-G99_G00-G09|G00-G99|Diseases of the nervous system|https://www.icd10data.com/ICD10CM/Codes/G00-G99/G00-G09|G00-G09|Inflammatory diseases of the central ner...
G00-G99_G10-G14|G00-G99|Diseases of the nervous system|https://www.icd10data.com/ICD10CM/Codes/G00-G99/G10-G14|G10-G14|Systemic atrophies primarily affecting t...
G00-G99_G20-G26|G00-G99|Diseases of the nervous system|https://www.icd10data.com/ICD10CM/Codes/G00-G99/G20-G26|G20-G26|Extrapyramidal and movement disorders
G00-G99_G30-G32|G00-G99|Diseases of the nervous system|https://www.icd10data.com/ICD10CM/Codes/G00-G99/G30-G32|G30-G32|Other degenerative diseases of the nervo...
G00-G99_G35-G37|G00-G99|Diseases of the nervous system|https://www.icd10data.com/ICD10CM/Codes/G00-G99/G35-G37|G35-G37|Demyelinating diseases of the central ne...
G00-G99_G40-G47|G00-G99|Diseases of the nervous system|https://www.icd10data.com/ICD10CM/Codes/G00-G99/G40-G47|G40-G47|Episodic and paroxysmal disorders
G00-G99_G50-G59|G00-G99|Diseases of the nervous system|https://www.icd10data.com/ICD10CM/Codes/G00-G99/G50-G59|G50-G59|Nerve, nerve root and plexus disorders
G00-G99_G60-G65|G00-G99|Diseases of the nervous system|https://www.icd10data.com/ICD10CM/Codes/G00-G99/G60-G65|G60-G65|Polyneuropathies and other disorders of ...
G00-G99_G70-G73|G00-G99|Diseases of the nervous system|https://www.icd10data.com/ICD10CM/Codes/G00-G99/G70-G73|G70-G73|Diseases of myoneural junction and muscl...
G00-G99_G80-G83|G00-G99|Diseases of the nervous system|https://www.icd10data.com/ICD10CM/Codes/G00-G99/G80-G83|G80-G83|Cerebral palsy and other paralytic syndr...
G00-G99_G89-G99|G00-G99|Diseases of the nervous system|https://www.icd10data.com/ICD10CM/Codes/G00-G99/G89-G99|G89-G99|Other disorders of the nervous system
H00-H59_H00-H05|H00-H59|Diseases of the eye and adnexa|https://www.icd10data.com/ICD10CM/Codes/H00-H59/H00-H05|H00-H05|Disorders of eyelid, lacrimal system and...
H00-H59_H10-H11|H00-H59|Diseases of the eye and adnexa|https://www.icd10data.com/ICD10CM/Codes/H00-H59/H10-H11|H10-H11|Disorders of conjunctiva
H00-H59_H15-H22|H00-H59|Diseases of the eye and adnexa|https://www.icd10data.com/ICD10CM/Codes/H00-H59/H15-H22|H15-H22|Disorders of sclera, cornea, iris and ci...
H00-H59_H25-H28|H00-H59|Diseases of the eye and adnexa|https://www.icd10data.com/ICD10CM/Codes/H00-H59/H25-H28|H25-H28|Disorders of lens
H00-H59_H30-H36|H00-H59|Diseases of the eye and adnexa|https://www.icd10data.com/ICD10CM/Codes/H00-H59/H30-H36|H30-H36|Disorders of choroid and retina
H00-H59_H40-H42|H00-H59|Diseases of the eye and adnexa|https://www.icd10data.com/ICD10CM/Codes/H00-H59/H40-H42|H40-H42|Glaucoma
H00-H59_H43-H44|H00-H59|Diseases of the eye and adnexa|https://www.icd10data.com/ICD10CM/Codes/H00-H59/H43-H44|H43-H44|Disorders of vitreous body and globe
H00-H59_H46-H47|H00-H59|Diseases of the eye and adnexa|https://www.icd10data.com/ICD10CM/Codes/H00-H59/H46-H47|H46-H47|Disorders of optic nerve and visual path...
H00-H59_H49-H52|H00-H59|Diseases of the eye and adnexa|https://www.icd10data.com/ICD10CM/Codes/H00-H59/H49-H52|H49-H52|Disorders of ocular muscles, binocular m...
H00-H59_H53-H54|H00-H59|Diseases of the eye and adnexa|https://www.icd10data.com/ICD10CM/Codes/H00-H59/H53-H54|H53-H54|Visual disturbances and blindness
H00-H59_H55-H57|H00-H59|Diseases of the eye and adnexa|https://www.icd10data.com/ICD10CM/Codes/H00-H59/H55-H57|H55-H57|Other disorders of eye and adnexa
H00-H59_H59-H59|H00-H59|Diseases of the eye and adnexa|https://www.icd10data.com/ICD10CM/Codes/H00-H59/H59-H59|H59-H59|Intraoperative and postprocedural compli...
H60-H95_H60-H62|H60-H95|Diseases of the ear and mastoid process|https://www.icd10data.com/ICD10CM/Codes/H60-H95/H60-H62|H60-H62|Diseases of external ear
H60-H95_H65-H75|H60-H95|Diseases of the ear and mastoid process|https://www.icd10data.com/ICD10CM/Codes/H60-H95/H65-H75|H65-H75|Diseases of middle ear and mastoid
H60-H95_H80-H83|H60-H95|Diseases of the ear and mastoid process|https://www.icd10data.com/ICD10CM/Codes/H60-H95/H80-H83|H80-H83|Diseases of inner ear
H60-H95_H90-H94|H60-H95|Diseases of the ear and mastoid process|https://www.icd10data.com/ICD10CM/Codes/H60-H95/H90-H94|H90-H94|Other disorders of ear
H60-H95_H95-H95|H60-H95|Diseases of the ear and mastoid process|https://www.icd10data.com/ICD10CM/Codes/H60-H95/H95-H95|H95-H95|Intraoperative and postprocedural compli...
I00-I99_I00-I02|I00-I99|Diseases of the circulatory system|https://www.icd10data.com/ICD10CM/Codes/I00-I99/I00-I02|I00-I02|Acute rheumatic fever
I00-I99_I05-I09|I00-I99|Diseases of the circulatory system|https://www.icd10data.com/ICD10CM/Codes/I00-I99/I05-I09|I05-I09|Chronic rheumatic heart diseases
I00-I99_I10-I1A|I00-I99|Diseases of the circulatory system|https://www.icd10data.com/ICD10CM/Codes/I00-I99/I10-I1A|I10-I1A|Hypertensive diseases
I00-I99_I20-I25|I00-I99|Diseases of the circulatory system|https://www.icd10data.com/ICD10CM/Codes/I00-I99/I20-I25|I20-I25|Ischemic heart diseases
I00-I99_I26-I28|I00-I99|Diseases of the circulatory system|https://www.icd10data.com/ICD10CM/Codes/I00-I99/I26-I28|I26-I28|Pulmonary heart disease and diseases of ...
I00-I99_I30-I5A|I00-I99|Diseases of the circulatory system|https://www.icd10data.com/ICD10CM/Codes/I00-I99/I30-I5A|I30-I5A|Other forms of heart disease
I00-I99_I60-I69|I00-I99|Diseases of the circulatory system|https://www.icd10data.com/ICD10CM/Codes/I00-I99/I60-I69|I60-I69|Cerebrovascular diseases
I00-I99_I70-I79|I00-I99|Diseases of the circulatory system|https://www.icd10data.com/ICD10CM/Codes/I00-I99/I70-I79|I70-I79|Diseases of arteries, arterioles and cap...
I00-I99_I80-I89|I00-I99|Diseases of the circulatory system|https://www.icd10data.com/ICD10CM/Codes/I00-I99/I80-I89|I80-I89|Diseases of veins, lymphatic vessels and...
I00-I99_I95-I99|I00-I99|Diseases of the circulatory system|https://www.icd10data.com/ICD10CM/Codes/I00-I99/I95-I99|I95-I99|Other and unspecified disorders of the c...
J00-J99_J00-J06|J00-J99|Diseases of the respiratory system|https://www.icd10data.com/ICD10CM/Codes/J00-J99/J00-J06|J00-J06|Acute upper respiratory infections
J00-J99_J09-J18|J00-J99|Diseases of the respiratory system|https://www.icd10data.com/ICD10CM/Codes/J00-J99/J09-J18|J09-J18|Influenza and pneumonia
J00-J99_J20-J22|J00-J99|Diseases of the respiratory system|https://www.icd10data.com/ICD10CM/Codes/J00-J99/J20-J22|J20-J22|Other acute lower respiratory infections
J00-J99_J30-J39|J00-J99|Diseases of the respiratory system|https://www.icd10data.com/ICD10CM/Codes/J00-J99/J30-J39|J30-J39|Other diseases of upper respiratory trac...
J00-J99_J40-J4A|J00-J99|Diseases of the respiratory system|https://www.icd10data.com/ICD10CM/Codes/J00-J99/J40-J4A|J40-J4A|Chronic lower respiratory diseases
J00-J99_J60-J70|J00-J99|Diseases of the respiratory system|https://www.icd10data.com/ICD10CM/Codes/J00-J99/J60-J70|J60-J70|Lung diseases due to external agents
J00-J99_J80-J84|J00-J99|Diseases of the respiratory system|https://www.icd10data.com/ICD10CM/Codes/J00-J99/J80-J84|J80-J84|Other respiratory diseases principally a...
J00-J99_J85-J86|J00-J99|Diseases of the respiratory system|https://www.icd10data.com/ICD10CM/Codes/J00-J99/J85-J86|J85-J86|Suppurative and necrotic conditions of t...
J00-J99_J90-J94|J00-J99|Diseases of the respiratory system|https://www.icd10data.com/ICD10CM/Codes/J00-J99/J90-J94|J90-J94|Other diseases of the pleura
J00-J99_J95-J95|J00-J99|Diseases of the respiratory system|https://www.icd10data.com/ICD10CM/Codes/J00-J99/J95-J95|J95-J95|Intraoperative and postprocedural compli...
J00-J99_J96-J99|J00-J99|Diseases of the respiratory system|https://www.icd10data.com/ICD10CM/Codes/J00-J99/J96-J99|J96-J99|Other diseases of the respiratory system
K00-K95_K00-K14|K00-K95|Diseases of the digestive system|https://www.icd10data.com/ICD10CM/Codes/K00-K95/K00-K14|K00-K14|Diseases of oral cavity and salivary gla...
K00-K95_K20-K31|K00-K95|Diseases of the digestive system|https://www.icd10data.com/ICD10CM/Codes/K00-K95/K20-K31|K20-K31|Diseases of esophagus, stomach and duode...
K00-K95_K35-K38|K00-K95|Diseases of the digestive system|https://www.icd10data.com/ICD10CM/Codes/K00-K95/K35-K38|K35-K38|Diseases of appendix
K00-K95_K40-K46|K00-K95|Diseases of the digestive system|https://www.icd10data.com/ICD10CM/Codes/K00-K95/K40-K46|K40-K46|Hernia
K00-K95_K50-K52|K00-K95|Diseases of the digestive system|https://www.icd10data.com/ICD10CM/Codes/K00-K95/K50-K52|K50-K52|Noninfective enteritis and colitis
K00-K95_K55-K64|K00-K95|Diseases of the digestive system|https://www.icd10data.com/ICD10CM/Codes/K00-K95/K55-K64|K55-K64|Other diseases of intestines
K00-K95_K65-K68|K00-K95|Diseases of the digestive system|https://www.icd10data.com/ICD10CM/Codes/K00-K95/K65-K68|K65-K68|Diseases of peritoneum and retroperitone...
K00-K95_K70-K77|K00-K95|Diseases of the digestive system|https://www.icd10data.com/ICD10CM/Codes/K00-K95/K70-K77|K70-K77|Diseases of liver
K00-K95_K80-K87|K00-K95|Diseases of the digestive system|https://www.icd10data.com/ICD10CM/Codes/K00-K95/K80-K87|K80-K87|Disorders of gallbladder, biliary tract ...
K00-K95_K90-K95|K00-K95|Diseases of the digestive system|https://www.icd10data.com/ICD10CM/Codes/K00-K95/K90-K95|K90-K95|Other diseases of the digestive system
L00-L99_L00-L08|L00-L99|Diseases of the skin and subcutaneous tissue|https://www.icd10data.com/ICD10CM/Codes/L00-L99/L00-L08|L00-L08|Infections of the skin and subcutaneous ...
L00-L99_L10-L14|L00-L99|Diseases of the skin and subcutaneous tissue|https://www.icd10data.com/ICD10CM/Codes/L00-L99/L10-L14|L10-L14|Bullous disorders
L00-L99_L20-L30|L00-L99|Diseases of the skin and subcutaneous tissue|https://www.icd10data.com/ICD10CM/Codes/L00-L99/L20-L30|L20-L30|Dermatitis and eczema
L00-L99_L40-L45|L00-L99|Diseases of the skin and subcutaneous tissue|https://www.icd10data.com/ICD10CM/Codes/L00-L99/L40-L45|L40-L45|Papulosquamous disorders
L00-L99_L49-L54|L00-L99|Diseases of the skin and subcutaneous tissue|https://www.icd10data.com/ICD10CM/Codes/L00-L99/L49-L54|L49-L54|Urticaria and erythema
L00-L99_L55-L59|L00-L99|Diseases of the skin and subcutaneous tissue|https://www.icd10data.com/ICD10CM/Codes/L00-L99/L55-L59|L55-L59|Radiation-related disorders of the skin ...
L00-L99_L60-L75|L00-L99|Diseases of the skin and subcutaneous tissue|https://www.icd10data.com/ICD10CM/Codes/L00-L99/L60-L75|L60-L75|Disorders of skin appendages
L00-L99_L76-L76|L00-L99|Diseases of the skin and subcutaneous tissue|https://www.icd10data.com/ICD10CM/Codes/L00-L99/L76-L76|L76-L76|Intraoperative and postprocedural compli...
L00-L99_L80-L99|L00-L99|Diseases of the skin and subcutaneous tissue|https://www.icd10data.com/ICD10CM/Codes/L00-L99/L80-L99|L80-L99|Other disorders of the skin and subcutan...
M00-M99_M00-M02|M00-M99|Diseases of the musculoskeletal system and connective tissue|https://www.icd10data.com/ICD10CM/Codes/M00-M99/M00-M02|M00-M02|Infectious arthropathies
M00-M99_M04-M04|M00-M99|Diseases of the musculoskeletal system and connective tissue|https://www.icd10data.com/ICD10CM/Codes/M00-M99/M04-M04|M04-M04|Autoinflammatory syndromes
M00-M99_M05-M14|M00-M99|Diseases of the musculoskeletal system and connective tissue|https://www.icd10data.com/ICD10CM/Codes/M00-M99/M05-M14|M05-M14|Inflammatory polyarthropathies
M00-M99_M15-M19|M00-M99|Diseases of the musculoskeletal system and connective tissue|https://www.icd10data.com/ICD10CM/Codes/M00-M99/M15-M19|M15-M19|Osteoarthritis
M00-M99_M20-M25|M00-M99|Diseases of the musculoskeletal system and connective tissue|https://www.icd10data.com/ICD10CM/Codes/M00-M99/M20-M25|M20-M25|Other joint disorders
M00-M99_M26-M27|M00-M99|Diseases of the musculoskeletal system and connective tissue|https://www.icd10data.com/ICD10CM/Codes/M00-M99/M26-M27|M26-M27|Dentofacial anomalies [including maloccl...
M00-M99_M30-M36|M00-M99|Diseases of the musculoskeletal system and connective tissue|https://www.icd10data.com/ICD10CM/Codes/M00-M99/M30-M36|M30-M36|Systemic connective tissue disorders
M00-M99_M40-M43|M00-M99|Diseases of the musculoskeletal system and connective tissue|https://www.icd10data.com/ICD10CM/Codes/M00-M99/M40-M43|M40-M43|Deforming dorsopathies
M00-M99_M45-M49|M00-M99|Diseases of the musculoskeletal system and connective tissue|https://www.icd10data.com/ICD10CM/Codes/M00-M99/M45-M49|M45-M49|Spondylopathies
M00-M99_M50-M54|M00-M99|Diseases of the musculoskeletal system and connective tissue|https://www.icd10data.com/ICD10CM/Codes/M00-M99/M50-M54|M50-M54|Other dorsopathies
M00-M99_M60-M63|M00-M99|Diseases of the musculoskeletal system and connective tissue|https://www.icd10data.com/ICD10CM/Codes/M00-M99/M60-M63|M60-M63|Disorders of muscles
M00-M99_M65-M67|M00-M99|Diseases of the musculoskeletal system and connective tissue|https://www.icd10data.com/ICD10CM/Codes/M00-M99/M65-M67|M65-M67|Disorders of synovium and tendon
M00-M99_M70-M79|M00-M99|Diseases of the musculoskeletal system and connective tissue|https://www.icd10data.com/ICD10CM/Codes/M00-M99/M70-M79|M70-M79|Other soft tissue disorders
M00-M99_M80-M85|M00-M99|Diseases of the musculoskeletal system and connective tissue|https://www.icd10data.com/ICD10CM/Codes/M00-M99/M80-M85|M80-M85|Disorders of bone density and structure
M00-M99_M86-M90|M00-M99|Diseases of the musculoskeletal system and connective tissue|https://www.icd10data.com/ICD10CM/Codes/M00-M99/M86-M90|M86-M90|Other osteopathies
M00-M99_M91-M94|M00-M99|Diseases of the musculoskeletal system and connective tissue|https://www.icd10data.com/ICD10CM/Codes/M00-M99/M91-M94|M91-M94|Chondropathies
M00-M99_M95-M95|M00-M99|Diseases of the musculoskeletal system and connective tissue|https://www.icd10data.com/ICD10CM/Codes/M00-M99/M95-M95|M95-M95|Other disorders of the musculoskeletal s...
M00-M99_M96-M96|M00-M99|Diseases of the musculoskeletal system and connective tissue|https://www.icd10data.com/ICD10CM/Codes/M00-M99/M96-M96|M96-M96|Intraoperative and postprocedural compli...
M00-M99_M97-M97|M00-M99|Diseases of the musculoskeletal system and connective tissue|https://www.icd10data.com/ICD10CM/Codes/M00-M99/M97-M97|M97-M97|Periprosthetic fracture around internal ...
M00-M99_M99-M99|M00-M99|Diseases of the musculoskeletal system and connective tissue|https://www.icd10data.com/ICD10CM/Codes/M00-M99/M99-M99|M99-M99|Biomechanical lesions, not elsewhere cla...
N00-N99_N00-N08|N00-N99|Diseases of the genitourinary system|https://www.icd10data.com/ICD10CM/Codes/N00-N99/N00-N08|N00-N08|Glomerular diseases
N00-N99_N10-N16|N00-N99|Diseases of the genitourinary system|https://www.icd10data.com/ICD10CM/Codes/N00-N99/N10-N16|N10-N16|Renal tubulo-interstitial diseases
N00-N99_N17-N19|N00-N99|Diseases of the genitourinary system|https://www.icd10data.com/ICD10CM/Codes/N00-N99/N17-N19|N17-N19|Acute kidney failure and chronic kidney ...
N00-N99_N20-N23|N00-N99|Diseases of the genitourinary system|https://www.icd10data.com/ICD10CM/Codes/N00-N99/N20-N23|N20-N23|Urolithiasis
N00-N99_N25-N29|N00-N99|Diseases of the genitourinary system|https://www.icd10data.com/ICD10CM/Codes/N00-N99/N25-N29|N25-N29|Other disorders of kidney and ureter
N00-N99_N30-N39|N00-N99|Diseases of the genitourinary system|https://www.icd10data.com/ICD10CM/Codes/N00-N99/N30-N39|N30-N39|Other diseases of the urinary system
N00-N99_N40-N53|N00-N99|Diseases of the genitourinary system|https://www.icd10data.com/ICD10CM/Codes/N00-N99/N40-N53|N40-N53|Diseases of male genital organs
N00-N99_N60-N65|N00-N99|Diseases of the genitourinary system|https://www.icd10data.com/ICD10CM/Codes/N00-N99/N60-N65|N60-N65|Disorders of breast
N00-N99_N70-N77|N00-N99|Diseases of the genitourinary system|https://www.icd10data.com/ICD10CM/Codes/N00-N99/N70-N77|N70-N77|Inflammatory diseases of female pelvic o...
N00-N99_N80-N98|N00-N99|Diseases of the genitourinary system|https://www.icd10data.com/ICD10CM/Codes/N00-N99/N80-N98|N80-N98|Noninflammatory disorders of female geni...
N00-N99_N99-N99|N00-N99|Diseases of the genitourinary system|https://www.icd10data.com/ICD10CM/Codes/N00-N99/N99-N99|N99-N99|Intraoperative and postprocedural compli...
O00-O9A_O00-O08|O00-O9A|Pregnancy, childbirth and the puerperium|https://www.icd10data.com/ICD10CM/Codes/O00-O9A/O00-O08|O00-O08|Pregnancy with abortive outcome
O00-O9A_O09-O09|O00-O9A|Pregnancy, childbirth and the puerperium|https://www.icd10data.com/ICD10CM/Codes/O00-O9A/O09-O09|O09-O09|Supervision of high risk pregnancy
O00-O9A_O10-O16|O00-O9A|Pregnancy, childbirth and the puerperium|https://www.icd10data.com/ICD10CM/Codes/O00-O9A/O10-O16|O10-O16|Edema, proteinuria and hypertensive diso...
O00-O9A_O20-O29|O00-O9A|Pregnancy, childbirth and the puerperium|https://www.icd10data.com/ICD10CM/Codes/O00-O9A/O20-O29|O20-O29|Other maternal disorders predominantly r...
O00-O9A_O30-O48|O00-O9A|Pregnancy, childbirth and the puerperium|https://www.icd10data.com/ICD10CM/Codes/O00-O9A/O30-O48|O30-O48|Maternal care related to the fetus and a...
O00-O9A_O60-O77|O00-O9A|Pregnancy, childbirth and the puerperium|https://www.icd10data.com/ICD10CM/Codes/O00-O9A/O60-O77|O60-O77|Complications of labor and delivery
O00-O9A_O80-O82|O00-O9A|Pregnancy, childbirth and the puerperium|https://www.icd10data.com/ICD10CM/Codes/O00-O9A/O80-O82|O80-O82|Encounter for delivery
O00-O9A_O85-O92|O00-O9A|Pregnancy, childbirth and the puerperium|https://www.icd10data.com/ICD10CM/Codes/O00-O9A/O85-O92|O85-O92|Complications predominantly related to t...
O00-O9A_O94-O9A|O00-O9A|Pregnancy, childbirth and the puerperium|https://www.icd10data.com/ICD10CM/Codes/O00-O9A/O94-O9A|O94-O9A|Other obstetric conditions, not elsewher...
P00-P96_P00-P04|P00-P96|Certain conditions originating in the perinatal period|https://www.icd10data.com/ICD10CM/Codes/P00-P96/P00-P04|P00-P04|Newborn affected by maternal factors and...
P00-P96_P05-P08|P00-P96|Certain conditions originating in the perinatal period|https://www.icd10data.com/ICD10CM/Codes/P00-P96/P05-P08|P05-P08|Disorders of newborn related to length o...
P00-P96_P09-P09|P00-P96|Certain conditions originating in the perinatal period|https://www.icd10data.com/ICD10CM/Codes/P00-P96/P09-P09|P09-P09|Abnormal findings on neonatal screening
P00-P96_P10-P15|P00-P96|Certain conditions originating in the perinatal period|https://www.icd10data.com/ICD10CM/Codes/P00-P96/P10-P15|P10-P15|Birth trauma
P00-P96_P19-P29|P00-P96|Certain conditions originating in the perinatal period|https://www.icd10data.com/ICD10CM/Codes/P00-P96/P19-P29|P19-P29|Respiratory and cardiovascular disorders...
P00-P96_P35-P39|P00-P96|Certain conditions originating in the perinatal period|https://www.icd10data.com/ICD10CM/Codes/P00-P96/P35-P39|P35-P39|Infections specific to the perinatal per...
P00-P96_P50-P61|P00-P96|Certain conditions originating in the perinatal period|https://www.icd10data.com/ICD10CM/Codes/P00-P96/P50-P61|P50-P61|Hemorrhagic and hematological disorders ...
P00-P96_P70-P74|P00-P96|Certain conditions originating in the perinatal period|https://www.icd10data.com/ICD10CM/Codes/P00-P96/P70-P74|P70-P74|Transitory endocrine and metabolic disor...
P00-P96_P76-P78|P00-P96|Certain conditions originating in the perinatal period|https://www.icd10data.com/ICD10CM/Codes/P00-P96/P76-P78|P76-P78|Digestive system disorders of newborn
P00-P96_P80-P83|P00-P96|Certain conditions originating in the perinatal period|https://www.icd10data.com/ICD10CM/Codes/P00-P96/P80-P83|P80-P83|Conditions involving the integument and ...
P00-P96_P84-P84|P00-P96|Certain conditions originating in the perinatal period|https://www.icd10data.com/ICD10CM/Codes/P00-P96/P84-P84|P84-P84|Other problems with newborn
P00-P96_P90-P96|P00-P96|Certain conditions originating in the perinatal period|https://www.icd10data.com/ICD10CM/Codes/P00-P96/P90-P96|P90-P96|Other disorders originating in the perin...
Q00-Q99_Q00-Q07|Q00-Q99|Congenital malformations, deformations and chromosomal abnormalities|https://www.icd10data.com/ICD10CM/Codes/Q00-Q99/Q00-Q07|Q00-Q07|Congenital malformations of the nervous ...
Q00-Q99_Q10-Q18|Q00-Q99|Congenital malformations, deformations and chromosomal abnormalities|https://www.icd10data.com/ICD10CM/Codes/Q00-Q99/Q10-Q18|Q10-Q18|Congenital malformations of eye, ear, fa...
Q00-Q99_Q20-Q28|Q00-Q99|Congenital malformations, deformations and chromosomal abnormalities|https://www.icd10data.com/ICD10CM/Codes/Q00-Q99/Q20-Q28|Q20-Q28|Congenital malformations of the circulat...
Q00-Q99_Q30-Q34|Q00-Q99|Congenital malformations, deformations and chromosomal abnormalities|https://www.icd10data.com/ICD10CM/Codes/Q00-Q99/Q30-Q34|Q30-Q34|Congenital malformations of the respirat...
Q00-Q99_Q35-Q37|Q00-Q99|Congenital malformations, deformations and chromosomal abnormalities|https://www.icd10data.com/ICD10CM/Codes/Q00-Q99/Q35-Q37|Q35-Q37|Cleft lip and cleft palate
Q00-Q99_Q38-Q45|Q00-Q99|Congenital malformations, deformations and chromosomal abnormalities|https://www.icd10data.com/ICD10CM/Codes/Q00-Q99/Q38-Q45|Q38-Q45|Other congenital malformations of the di...
Q00-Q99_Q50-Q56|Q00-Q99|Congenital malformations, deformations and chromosomal abnormalities|https://www.icd10data.com/ICD10CM/Codes/Q00-Q99/Q50-Q56|Q50-Q56|Congenital malformations of genital orga...
Q00-Q99_Q60-Q64|Q00-Q99|Congenital malformations, deformations and chromosomal abnormalities|https://www.icd10data.com/ICD10CM/Codes/Q00-Q99/Q60-Q64|Q60-Q64|Congenital malformations of the urinary ...
Q00-Q99_Q65-Q79|Q00-Q99|Congenital malformations, deformations and chromosomal abnormalities|https://www.icd10data.com/ICD10CM/Codes/Q00-Q99/Q65-Q79|Q65-Q79|Congenital malformations and deformation...
Q00-Q99_Q80-Q89|Q00-Q99|Congenital malformations, deformations and chromosomal abnormalities|https://www.icd10data.com/ICD10CM/Codes/Q00-Q99/Q80-Q89|Q80-Q89|Other congenital malformations
Q00-Q99_Q90-Q99|Q00-Q99|Congenital malformations, deformations and chromosomal abnormalities|https://www.icd10data.com/ICD10CM/Codes/Q00-Q99/Q90-Q99|Q90-Q99|Chromosomal abnormalities, not elsewhere...
R00-R99_R00-R09|R00-R99|Symptoms, signs and abnormal clinical and laboratory findings, not elsewhere classified|https://www.icd10data.com/ICD10CM/Codes/R00-R99/R00-R09|R00-R09|Symptoms and signs involving the circula...
R00-R99_R10-R19|R00-R99|Symptoms, signs and abnormal clinical and laboratory findings, not elsewhere classified|https://www.icd10data.com/ICD10CM/Codes/R00-R99/R10-R19|R10-R19|Symptoms and signs involving the digesti...
R00-R99_R20-R23|R00-R99|Symptoms, signs and abnormal clinical and laboratory findings, not elsewhere classified|https://www.icd10data.com/ICD10CM/Codes/R00-R99/R20-R23|R20-R23|Symptoms and signs involving the skin an...
R00-R99_R25-R29|R00-R99|Symptoms, signs and abnormal clinical and laboratory findings, not elsewhere classified|https://www.icd10data.com/ICD10CM/Codes/R00-R99/R25-R29|R25-R29|Symptoms and signs involving the nervous...
R00-R99_R30-R39|R00-R99|Symptoms, signs and abnormal clinical and laboratory findings, not elsewhere classified|https://www.icd10data.com/ICD10CM/Codes/R00-R99/R30-R39|R30-R39|Symptoms and signs involving the genitou...
R00-R99_R40-R46|R00-R99|Symptoms, signs and abnormal clinical and laboratory findings, not elsewhere classified|https://www.icd10data.com/ICD10CM/Codes/R00-R99/R40-R46|R40-R46|Symptoms and signs involving cognition, ...
R00-R99_R47-R49|R00-R99|Symptoms, signs and abnormal clinical and laboratory findings, not elsewhere classified|https://www.icd10data.com/ICD10CM/Codes/R00-R99/R47-R49|R47-R49|Symptoms and signs involving speech and ...
R00-R99_R50-R69|R00-R99|Symptoms, signs and abnormal clinical and laboratory findings, not elsewhere classified|https://www.icd10data.com/ICD10CM/Codes/R00-R99/R50-R69|R50-R69|General symptoms and signs
R00-R99_R70-R79|R00-R99|Symptoms, signs and abnormal clinical and laboratory findings, not elsewhere classified|https://www.icd10data.com/ICD10CM/Codes/R00-R99/R70-R79|R70-R79|Abnormal findings on examination of bloo...
R00-R99_R80-R82|R00-R99|Symptoms, signs and abnormal clinical and laboratory findings, not elsewhere classified|https://www.icd10data.com/ICD10CM/Codes/R00-R99/R80-R82|R80-R82|Abnormal findings on examination of urin...
R00-R99_R83-R89|R00-R99|Symptoms, signs and abnormal clinical and laboratory findings, not elsewhere classified|https://www.icd10data.com/ICD10CM/Codes/R00-R99/R83-R89|R83-R89|Abnormal findings on examination of othe...
R00-R99_R90-R94|R00-R99|Symptoms, signs and abnormal clinical and laboratory findings, not elsewhere classified|https://www.icd10data.com/ICD10CM/Codes/R00-R99/R90-R94|R90-R94|Abnormal findings on diagnostic imaging ...
R00-R99_R97-R97|R00-R99|Symptoms, signs and abnormal clinical and laboratory findings, not elsewhere classified|https://www.icd10data.com/ICD10CM/Codes/R00-R99/R97-R97|R97-R97|Abnormal tumor markers
R00-R99_R99-R99|R00-R99|Symptoms, signs and abnormal clinical and laboratory findings, not elsewhere classified|https://www.icd10data.com/ICD10CM/Codes/R00-R99/R99-R99|R99-R99|Ill-defined and unknown cause of mortali...
S00-T88_S00-S09|S00-T88|Injury, poisoning and certain other consequences of external causes|https://www.icd10data.com/ICD10CM/Codes/S00-T88/S00-S09|S00-S09|Injuries to the head
S00-T88_S10-S19|S00-T88|Injury, poisoning and certain other consequences of external causes|https://www.icd10data.com/ICD10CM/Codes/S00-T88/S10-S19|S10-S19|Injuries to the neck
S00-T88_S20-S29|S00-T88|Injury, poisoning and certain other consequences of external causes|https://www.icd10data.com/ICD10CM/Codes/S00-T88/S20-S29|S20-S29|Injuries to the thorax
S00-T88_S30-S39|S00-T88|Injury, poisoning and certain other consequences of external causes|https://www.icd10data.com/ICD10CM/Codes/S00-T88/S30-S39|S30-S39|Injuries to the abdomen, lower back, lum...
S00-T88_S40-S49|S00-T88|Injury, poisoning and certain other consequences of external causes|https://www.icd10data.com/ICD10CM/Codes/S00-T88/S40-S49|S40-S49|Injuries to the shoulder and upper arm
S00-T88_S50-S59|S00-T88|Injury, poisoning and certain other consequences of external causes|https://www.icd10data.com/ICD10CM/Codes/S00-T88/S50-S59|S50-S59|Injuries to the elbow and forearm
S00-T88_S60-S69|S00-T88|Injury, poisoning and certain other consequences of external causes|https://www.icd10data.com/ICD10CM/Codes/S00-T88/S60-S69|S60-S69|Injuries to the wrist, hand and fingers
S00-T88_S70-S79|S00-T88|Injury, poisoning and certain other consequences of external causes|https://www.icd10data.com/ICD10CM/Codes/S00-T88/S70-S79|S70-S79|Injuries to the hip and thigh
S00-T88_S80-S89|S00-T88|Injury, poisoning and certain other consequences of external causes|https://www.icd10data.com/ICD10CM/Codes/S00-T88/S80-S89|S80-S89|Injuries to the knee and lower leg
S00-T88_S90-S99|S00-T88|Injury, poisoning and certain other consequences of external causes|https://www.icd10data.com/ICD10CM/Codes/S00-T88/S90-S99|S90-S99|Injuries to the ankle and foot
S00-T88_T07-T07|S00-T88|Injury, poisoning and certain other consequences of external causes|https://www.icd10data.com/ICD10CM/Codes/S00-T88/T07-T07|T07-T07|Injuries involving multiple body regions
S00-T88_T14-T14|S00-T88|Injury, poisoning and certain other consequences of external causes|https://www.icd10data.com/ICD10CM/Codes/S00-T88/T14-T14|T14-T14|Injury of unspecified body region
S00-T88_T15-T19|S00-T88|Injury, poisoning and certain other consequences of external causes|https://www.icd10data.com/ICD10CM/Codes/S00-T88/T15-T19|T15-T19|Effects of foreign body entering through...
S00-T88_T20-T25|S00-T88|Injury, poisoning and certain other consequences of external causes|https://www.icd10data.com/ICD10CM/Codes/S00-T88/T20-T25|T20-T25|Burns and corrosions of external body su...
S00-T88_T26-T28|S00-T88|Injury, poisoning and certain other consequences of external causes|https://www.icd10data.com/ICD10CM/Codes/S00-T88/T26-T28|T26-T28|Burns and corrosions confined to eye and...
S00-T88_T30-T32|S00-T88|Injury, poisoning and certain other consequences of external causes|https://www.icd10data.com/ICD10CM/Codes/S00-T88/T30-T32|T30-T32|Burns and corrosions of multiple and uns...
S00-T88_T33-T34|S00-T88|Injury, poisoning and certain other consequences of external causes|https://www.icd10data.com/ICD10CM/Codes/S00-T88/T33-T34|T33-T34|Frostbite
S00-T88_T36-T50|S00-T88|Injury, poisoning and certain other consequences of external causes|https://www.icd10data.com/ICD10CM/Codes/S00-T88/T36-T50|T36-T50|Poisoning by, adverse effect of and unde...
S00-T88_T51-T65|S00-T88|Injury, poisoning and certain other consequences of external causes|https://www.icd10data.com/ICD10CM/Codes/S00-T88/T51-T65|T51-T65|Toxic effects of substances chiefly nonm...
S00-T88_T66-T78|S00-T88|Injury, poisoning and certain other consequences of external causes|https://www.icd10data.com/ICD10CM/Codes/S00-T88/T66-T78|T66-T78|Other and unspecified effects of externa...
S00-T88_T79-T79|S00-T88|Injury, poisoning and certain other consequences of external causes|https://www.icd10data.com/ICD10CM/Codes/S00-T88/T79-T79|T79-T79|Certain early complications of trauma
S00-T88_T80-T88|S00-T88|Injury, poisoning and certain other consequences of external causes|https://www.icd10data.com/ICD10CM/Codes/S00-T88/T80-T88|T80-T88|Complications of surgical and medical ca...
U00-U85_U00-U49|U00-U85|Codes for special purposes|https://www.icd10data.com/ICD10CM/Codes/U00-U85/U00-U49|U00-U49|Provisional assignment of new diseases o...
U00-U85_U50-U85|U00-U85|Codes for special purposes|https://www.icd10data.com/ICD10CM/Codes/U00-U85/U50-U85|U50-U85|Provisional assignment of new diseases o...
V00-Y99_V00-V09|V00-Y99|External causes of morbidity|https://www.icd10data.com/ICD10CM/Codes/V00-Y99/V00-V09|V00-V09|Pedestrian injured in transport accident
V00-Y99_V10-V19|V00-Y99|External causes of morbidity|https://www.icd10data.com/ICD10CM/Codes/V00-Y99/V10-V19|V10-V19|Pedal cycle rider injured in transport a...
V00-Y99_V20-V29|V00-Y99|External causes of morbidity|https://www.icd10data.com/ICD10CM/Codes/V00-Y99/V20-V29|V20-V29|Motorcycle rider injured in transport ac...
V00-Y99_V30-V39|V00-Y99|External causes of morbidity|https://www.icd10data.com/ICD10CM/Codes/V00-Y99/V30-V39|V30-V39|Occupant of three-wheeled motor vehicle ...
V00-Y99_V40-V49|V00-Y99|External causes of morbidity|https://www.icd10data.com/ICD10CM/Codes/V00-Y99/V40-V49|V40-V49|Car occupant injured in transport accide...
V00-Y99_V50-V59|V00-Y99|External causes of morbidity|https://www.icd10data.com/ICD10CM/Codes/V00-Y99/V50-V59|V50-V59|Occupant of pick-up truck or van injured...
V00-Y99_V60-V69|V00-Y99|External causes of morbidity|https://www.icd10data.com/ICD10CM/Codes/V00-Y99/V60-V69|V60-V69|Occupant of heavy transport vehicle inju...
V00-Y99_V70-V79|V00-Y99|External causes of morbidity|https://www.icd10data.com/ICD10CM/Codes/V00-Y99/V70-V79|V70-V79|Bus occupant injured in transport accide...
V00-Y99_V80-V89|V00-Y99|External causes of morbidity|https://www.icd10data.com/ICD10CM/Codes/V00-Y99/V80-V89|V80-V89|Other land transport accidents
V00-Y99_V90-V94|V00-Y99|External causes of morbidity|https://www.icd10data.com/ICD10CM/Codes/V00-Y99/V90-V94|V90-V94|Water transport accidents
V00-Y99_V95-V97|V00-Y99|External causes of morbidity|https://www.icd10data.com/ICD10CM/Codes/V00-Y99/V95-V97|V95-V97|Air and space transport accidents
V00-Y99_V98-V99|V00-Y99|External causes of morbidity|https://www.icd10data.com/ICD10CM/Codes/V00-Y99/V98-V99|V98-V99|Other and unspecified transport accident...
V00-Y99_W00-W19|V00-Y99|External causes of morbidity|https://www.icd10data.com/ICD10CM/Codes/V00-Y99/W00-W19|W00-W19|Slipping, tripping, stumbling and falls
V00-Y99_W20-W49|V00-Y99|External causes of morbidity|https://www.icd10data.com/ICD10CM/Codes/V00-Y99/W20-W49|W20-W49|Exposure to inanimate mechanical forces
V00-Y99_W50-W64|V00-Y99|External causes of morbidity|https://www.icd10data.com/ICD10CM/Codes/V00-Y99/W50-W64|W50-W64|Exposure to animate mechanical forces
V00-Y99_W65-W74|V00-Y99|External causes of morbidity|https://www.icd10data.com/ICD10CM/Codes/V00-Y99/W65-W74|W65-W74|Accidental non-transport drowning and su...
V00-Y99_W85-W99|V00-Y99|External causes of morbidity|https://www.icd10data.com/ICD10CM/Codes/V00-Y99/W85-W99|W85-W99|Exposure to electric current, radiation ...
V00-Y99_X00-X08|V00-Y99|External causes of morbidity|https://www.icd10data.com/ICD10CM/Codes/V00-Y99/X00-X08|X00-X08|Exposure to smoke, fire and flames
V00-Y99_X10-X19|V00-Y99|External causes of morbidity|https://www.icd10data.com/ICD10CM/Codes/V00-Y99/X10-X19|X10-X19|Contact with heat and hot substances
V00-Y99_X30-X39|V00-Y99|External causes of morbidity|https://www.icd10data.com/ICD10CM/Codes/V00-Y99/X30-X39|X30-X39|Exposure to forces of nature
V00-Y99_X50-X50|V00-Y99|External causes of morbidity|https://www.icd10data.com/ICD10CM/Codes/V00-Y99/X50-X50|X50-X50|Overexertion and strenuous or repetitive...
V00-Y99_X52-X58|V00-Y99|External causes of morbidity|https://www.icd10data.com/ICD10CM/Codes/V00-Y99/X52-X58|X52-X58|Accidental exposure to other specified f...
V00-Y99_X71-X83|V00-Y99|External causes of morbidity|https://www.icd10data.com/ICD10CM/Codes/V00-Y99/X71-X83|X71-X83|Intentional self-harm
V00-Y99_X92-Y09|V00-Y99|External causes of morbidity|https://www.icd10data.com/ICD10CM/Codes/V00-Y99/X92-Y09|X92-Y09|Assault
V00-Y99_Y21-Y33|V00-Y99|External causes of morbidity|https://www.icd10data.com/ICD10CM/Codes/V00-Y99/Y21-Y33|Y21-Y33|Event of undetermined intent
V00-Y99_Y35-Y38|V00-Y99|External causes of morbidity|https://www.icd10data.com/ICD10CM/Codes/V00-Y99/Y35-Y38|Y35-Y38|Legal intervention, operations of war, m...
V00-Y99_Y62-Y69|V00-Y99|External causes of morbidity|https://www.icd10data.com/ICD10CM/Codes/V00-Y99/Y62-Y69|Y62-Y69|Misadventures to patients during surgica...
V00-Y99_Y70-Y82|V00-Y99|External causes of morbidity|https://www.icd10data.com/ICD10CM/Codes/V00-Y99/Y70-Y82|Y70-Y82|Medical devices associated with adverse ...
V00-Y99_Y83-Y84|V00-Y99|External causes of morbidity|https://www.icd10data.com/ICD10CM/Codes/V00-Y99/Y83-Y84|Y83-Y84|Surgical and other medical procedures as...
V00-Y99_Y90-Y99|V00-Y99|External causes of morbidity|https://www.icd10data.com/ICD10CM/Codes/V00-Y99/Y90-Y99|Y90-Y99|Supplementary factors related to causes ...
Z00-Z99_Z00-Z13|Z00-Z99|Factors influencing health status and contact with health services|https://www.icd10data.com/ICD10CM/Codes/Z00-Z99/Z00-Z13|Z00-Z13|Persons encountering health services for...
Z00-Z99_Z14-Z15|Z00-Z99|Factors influencing health status and contact with health services|https://www.icd10data.com/ICD10CM/Codes/Z00-Z99/Z14-Z15|Z14-Z15|Genetic carrier and genetic susceptibili...
Z00-Z99_Z16-Z16|Z00-Z99|Factors influencing health status and contact with health services|https://www.icd10data.com/ICD10CM/Codes/Z00-Z99/Z16-Z16|Z16-Z16|Resistance to antimicrobial drugs
Z00-Z99_Z17-Z17|Z00-Z99|Factors influencing health status and contact with health services|https://www.icd10data.com/ICD10CM/Codes/Z00-Z99/Z17-Z17|Z17-Z17|Estrogen receptor status
Z00-Z99_Z18-Z18|Z00-Z99|Factors influencing health status and contact with health services|https://www.icd10data.com/ICD10CM/Codes/Z00-Z99/Z18-Z18|Z18-Z18|Retained foreign body fragments
Z00-Z99_Z19-Z19|Z00-Z99|Factors influencing health status and contact with health services|https://www.icd10data.com/ICD10CM/Codes/Z00-Z99/Z19-Z19|Z19-Z19|Hormone sensitivity malignancy status
Z00-Z99_Z20-Z29|Z00-Z99|Factors influencing health status and contact with health services|https://www.icd10data.com/ICD10CM/Codes/Z00-Z99/Z20-Z29|Z20-Z29|Persons with potential health hazards re...
Z00-Z99_Z30-Z39|Z00-Z99|Factors influencing health status and contact with health services|https://www.icd10data.com/ICD10CM/Codes/Z00-Z99/Z30-Z39|Z30-Z39|Persons encountering health services in ...
Z00-Z99_Z40-Z53|Z00-Z99|Factors influencing health status and contact with health services|https://www.icd10data.com/ICD10CM/Codes/Z00-Z99/Z40-Z53|Z40-Z53|Encounters for other specific health car...
Z00-Z99_Z55-Z65|Z00-Z99|Factors influencing health status and contact with health services|https://www.icd10data.com/ICD10CM/Codes/Z00-Z99/Z55-Z65|Z55-Z65|Persons with potential health hazards re...
Z00-Z99_Z66-Z66|Z00-Z99|Factors influencing health status and contact with health services|https://www.icd10data.com/ICD10CM/Codes/Z00-Z99/Z66-Z66|Z66-Z66|Do not resuscitate status
Z00-Z99_Z67-Z67|Z00-Z99|Factors influencing health status and contact with health services|https://www.icd10data.com/ICD10CM/Codes/Z00-Z99/Z67-Z67|Z67-Z67|Blood type
Z00-Z99_Z68-Z68|Z00-Z99|Factors influencing health status and contact with health services|https://www.icd10data.com/ICD10CM/Codes/Z00-Z99/Z68-Z68|Z68-Z68|Body mass index (BMI)
Z00-Z99_Z69-Z76|Z00-Z99|Factors influencing health status and contact with health services|https://www.icd10data.com/ICD10CM/Codes/Z00-Z99/Z69-Z76|Z69-Z76|Persons encountering health services in ...
Z00-Z99_Z77-Z99|Z00-Z99|Factors influencing health status and contact with health services|https://www.icd10data.com/ICD10CM/Codes/Z00-Z99/Z77-Z99|Z77-Z99|Persons with potential health hazards re...
